player_url,player_name,Team_player
/australia/content/player/272477.html,JP Behrendorff,australia
/australia/content/player/326632.html,JA Burns,australia
/australia/content/player/326434.html,AT Carey,australia
/australia/content/player/261354.html,NM Coulter-Nile,australia
/australia/content/player/489889.html,PJ Cummins,australia
/australia/content/player/5334.html,AJ Finch,australia
/australia/content/player/334337.html,PSP Handscomb,australia
/australia/content/player/434813.html,MS Harris,australia
/australia/content/player/288284.html,JR Hazlewood,australia
/australia/content/player/530011.html,TM Head,australia
/australia/content/player/215155.html,UT Khawaja,australia
/australia/content/player/787987.html,M Labuschagne,australia
/australia/content/player/326637.html,CA Lynn,australia
/australia/content/player/272279.html,NM Lyon,australia
/australia/content/player/272450.html,MR Marsh,australia
/australia/content/player/6683.html,SE Marsh,australia
/australia/content/player/325026.html,GJ Maxwell,australia
/australia/content/player/7252.html,TD Paine,australia
/australia/content/player/505110.html,KR Patterson,australia
/australia/content/player/774223.html,JA Richardson,australia
/australia/content/player/272262.html,KW Richardson,australia
/australia/content/player/308798.html,DJM Short,australia
/australia/content/player/7898.html,PM Siddle,australia
/australia/content/player/267192.html,SPD Smith,australia
/australia/content/player/533042.html,B Stanlake,australia
/australia/content/player/311592.html,MA Starc,australia
/australia/content/player/325012.html,MP Stoinis,australia
/australia/content/player/500268.html,AJ Turner,australia
/australia/content/player/219889.html,DA Warner,australia
/australia/content/player/379504.html,A Zampa,australia
/bangladesh/content/player/550137.html,Abu Hider,bangladesh
/bangladesh/content/player/410763.html,Abu Jayed,bangladesh
/bangladesh/content/player/380354.html,Anamul Haque,bangladesh
/bangladesh/content/player/270135.html,Ariful Haque,bangladesh
/bangladesh/content/player/932355.html,Ebadat Hossain,bangladesh
/bangladesh/content/player/55893.html,Fazle Mahmud,bangladesh
/bangladesh/content/player/280734.html,Imrul Kayes,bangladesh
/bangladesh/content/player/375724.html,Kamrul Islam Rabbi,bangladesh
/bangladesh/content/player/536936.html,Liton Das,bangladesh
/bangladesh/content/player/56025.html,Mahmudullah,bangladesh
/bangladesh/content/player/56007.html,Mashrafe Mortaza,bangladesh
/bangladesh/content/player/629063.html,Mehidy Hasan Miraz,bangladesh
/bangladesh/content/player/269237.html,Mohammad Mithun,bangladesh
/bangladesh/content/player/629070.html,Mohammad Saifuddin,bangladesh
/bangladesh/content/player/373696.html,Mominul Haque,bangladesh
/bangladesh/content/player/550133.html,Mosaddek Hossain,bangladesh
/bangladesh/content/player/56029.html,Mushfiqur Rahim,bangladesh
/bangladesh/content/player/330902.html,Mustafizur Rahman,bangladesh
/bangladesh/content/player/932635.html,Nayeem Hasan,bangladesh
/bangladesh/content/player/629058.html,Najmul Hossain Shanto,bangladesh
/bangladesh/content/player/446810.html,Nazmul Islam,bangladesh
/bangladesh/content/player/410765.html,Nurul Hasan,bangladesh
/bangladesh/content/player/300619.html,Rubel Hossain,bangladesh
/bangladesh/content/player/373538.html,Sabbir Rahman,bangladesh
/bangladesh/content/player/629057.html,Shadman Islam,bangladesh
/bangladesh/content/player/56143.html,Shakib Al Hasan,bangladesh
/bangladesh/content/player/436677.html,Soumya Sarkar,bangladesh
/bangladesh/content/player/927619.html,Khaled Ahmed,bangladesh
/bangladesh/content/player/401057.html,Taijul Islam,bangladesh
/bangladesh/content/player/56194.html,Tamim Iqbal,bangladesh
/england/content/player/8917.html,MM Ali,england
/england/content/player/8608.html,JM Anderson,england
/england/content/player/669855.html,JC Archer,england
/england/content/player/297433.html,JM Bairstow,england
/england/content/player/297628.html,SW Billings,england
/england/content/player/10617.html,SCJ Broad,england
/england/content/player/398778.html,RJ Burns,england
/england/content/player/308967.html,JC Buttler,england
/england/content/player/662973.html,SM Curran,england
/england/content/player/550235.html,TK Curran,england
/england/content/player/211855.html,LA Dawson,england
/england/content/player/12454.html,JL Denly,england
/england/content/player/521637.html,BM Duckett,england
/england/content/player/364788.html,BT Foakes,england
/england/content/player/249866.html,AD Hales,england
/england/content/player/440780.html,KK Jennings,england
/england/content/player/288992.html,CJ Jordan,england
/england/content/player/455524.html,MJ Leach,england
/england/content/player/236489.html,DJ Malan,england
/england/content/player/24598.html,EJG Morgan,england
/england/content/player/19264.html,LE Plunkett,england
/england/content/player/244497.html,AU Rashid,england
/england/content/player/303669.html,JE Root,england
/england/content/player/298438.html,JJ Roy,england
/england/content/player/311158.html,BA Stokes,england
/england/content/player/457279.html,OP Stone,england
/england/content/player/296597.html,JM Vince,england
/england/content/player/308251.html,DJ Willey,england
/england/content/player/247235.html,CR Woakes,england
/england/content/player/351588.html,MA Wood,england
/india/content/player/398438.html,MA Agarwal,india
/india/content/player/942645.html,KK Ahmed,india
/india/content/player/625383.html,JJ Bumrah,india
/india/content/player/430246.html,YS Chahal,india
/india/content/player/28235.html,S Dhawan,india
/india/content/player/28081.html,MS Dhoni,india
/india/content/player/234675.html,RA Jadeja,india
/india/content/player/290716.html,KM Jadhav,india
/india/content/player/30045.html,KD Karthik,india
/india/content/player/326017.html,S Kaul,india
/india/content/player/253802.html,V Kohli,india
/india/content/player/559235.html,Kuldeep Yadav,india
/india/content/player/326016.html,B Kumar,india
/india/content/player/1081442.html,M Markande,india
/india/content/player/481896.html,Mohammed Shami,india
/india/content/player/940973.html,Mohammed Siraj,india
/india/content/player/625371.html,HH Pandya,india
/india/content/player/471342.html,KH Pandya,india
/india/content/player/931581.html,RR Pant,india
/india/content/player/32540.html,CA Pujara,india
/india/content/player/277916.html,AM Rahane,india
/india/content/player/422108.html,KL Rahul,india
/india/content/player/33141.html,AT Rayudu,india
/india/content/player/477021.html,V Shankar,india
/india/content/player/236779.html,I Sharma,india
/india/content/player/34102.html,RG Sharma,india
/india/content/player/1070173.html,Shubman Gill,india
/india/content/player/452044.html,GH Vihari,india
/india/content/player/237095.html,M Vijay,india
/india/content/player/376116.html,UT Yadav,india
/new-zealand/content/player/277662.html,CJ Anderson,new-zealand
/new-zealand/content/player/213674.html,TD Astle,new-zealand
/new-zealand/content/player/277912.html,TA Boult,new-zealand
/new-zealand/content/player/362541.html,DAJ Bracewell,new-zealand
/new-zealand/content/player/438563.html,MS Chapman,new-zealand
/new-zealand/content/player/55395.html,C de Grandhomme,new-zealand
/new-zealand/content/player/493773.html,LH Ferguson,new-zealand
/new-zealand/content/player/226492.html,MJ Guptill,new-zealand
/new-zealand/content/player/506612.html,MJ Henry,new-zealand
/new-zealand/content/player/539548.html,SC Kuggeleijn,new-zealand
/new-zealand/content/player/388802.html,TWM Latham,new-zealand
/new-zealand/content/player/381743.html,DJ Mitchell,new-zealand
/new-zealand/content/player/232359.html,C Munro,new-zealand
/new-zealand/content/player/355269.html,JDS Neesham,new-zealand
/new-zealand/content/player/539511.html,HM Nicholls,new-zealand
/new-zealand/content/player/595783.html,AY Patel,new-zealand
/new-zealand/content/player/823509.html,GD Phillips,new-zealand
/new-zealand/content/player/395057.html,SHA Rance,new-zealand
/new-zealand/content/player/277914.html,JA Raval,new-zealand
/new-zealand/content/player/502714.html,MJ Santner,new-zealand
/new-zealand/content/player/625964.html,TL Seifert,new-zealand
/new-zealand/content/player/559066.html,IS Sodhi,new-zealand
/new-zealand/content/player/38607.html,WER Somerville,new-zealand
/new-zealand/content/player/232364.html,TG Southee,new-zealand
/new-zealand/content/player/38699.html,LRPL Taylor,new-zealand
/new-zealand/content/player/854909.html,BM Tickner,new-zealand
/new-zealand/content/player/233713.html,N Wagner,new-zealand
/new-zealand/content/player/38924.html,BJ Watling,new-zealand
/new-zealand/content/player/277906.html,KS Williamson,new-zealand
/new-zealand/content/player/277911.html,GH Worker,new-zealand
/pakistan/content/player/39950.html,Abid Ali,pakistan
/pakistan/content/player/316397.html,Asad Shafiq,pakistan
/pakistan/content/player/494230.html,Asif Ali,pakistan
/pakistan/content/player/39037.html,Azhar Ali,pakistan
/pakistan/content/player/348144.html,Babar Azam,pakistan
/pakistan/content/player/498875.html,Bilal Asif,pakistan
/pakistan/content/player/681117.html,Faheem Ashraf,pakistan
/pakistan/content/player/512191.html,Fakhar Zaman,pakistan
/pakistan/content/player/318788.html,Haris Sohail,pakistan
/pakistan/content/player/681305.html,Hasan Ali,pakistan
/pakistan/content/player/628240.html,Hussain Talat,pakistan
/pakistan/content/player/227758.html,Imad Wasim,pakistan
/pakistan/content/player/568276.html,Imam-ul-Haq,pakistan
/pakistan/content/player/259551.html,Junaid Khan,pakistan
/pakistan/content/player/389666.html,Mohammad Abbas,pakistan
/pakistan/content/player/290948.html,Mohammad Amir,pakistan
/pakistan/content/player/41434.html,Mohammad Hafeez,pakistan
/pakistan/content/player/1158100.html,Mohammad Hasnain,pakistan
/pakistan/content/player/323389.html,Mohammad Rizwan,pakistan
/pakistan/content/player/547085.html,Saad Ali,pakistan
/pakistan/content/player/227760.html,Sarfaraz Ahmed,pakistan
/pakistan/content/player/922943.html,Shadab Khan,pakistan
/pakistan/content/player/1072470.html,Shaheen Shah Afridi,pakistan
/pakistan/content/player/233901.html,Shan Masood,pakistan
/pakistan/content/player/42657.html,Shoaib Malik,pakistan
/pakistan/content/player/317273.html,Umar Akmal,pakistan
/pakistan/content/player/697279.html,Usman Shinwari,pakistan
/pakistan/content/player/43590.html,Wahab Riaz,pakistan
/pakistan/content/player/533561.html,Waqas Maqsood,pakistan
/pakistan/content/player/43685.html,Yasir Shah,pakistan
/south-africa/content/player/43906.html,HM Amla,south-africa
/south-africa/content/player/372116.html,T Bavuma,south-africa
/south-africa/content/player/381030.html,GL Cloete,south-africa
/south-africa/content/player/545467.html,CJ Dala,south-africa
/south-africa/content/player/379143.html,Q de Kock,south-africa
/south-africa/content/player/44932.html,JP Duminy,south-africa
/south-africa/content/player/44828.html,F du Plessis,south-africa
/south-africa/content/player/230852.html,D Elgar,south-africa
/south-africa/content/player/379927.html,BE Hendricks,south-africa
/south-africa/content/player/269280.html,RR Hendricks,south-africa
/south-africa/content/player/40618.html,Imran Tahir,south-africa
/south-africa/content/player/436757.html,H Klaasen,south-africa
/south-africa/content/player/267724.html,KA Maharaj,south-africa
/south-africa/content/player/605680.html,JN Malan,south-africa
/south-africa/content/player/600498.html,AK Markram,south-africa
/south-africa/content/player/321777.html,DA Miller,south-africa
/south-africa/content/player/439952.html,CH Morris,south-africa
/south-africa/content/player/698189.html,PWA Mulder,south-africa
/south-africa/content/player/542023.html,L Ngidi,south-africa
/south-africa/content/player/481979.html,A Nortje,south-africa
/south-africa/content/player/486679.html,D Olivier,south-africa
/south-africa/content/player/540316.html,AL Phehlukwayo,south-africa
/south-africa/content/player/46945.html,VD Philander,south-africa
/south-africa/content/player/327830.html,D Pretorius,south-africa
/south-africa/content/player/952207.html,S Qeshile,south-africa
/south-africa/content/player/550215.html,K Rabada,south-africa
/south-africa/content/player/379145.html,T Shamsi,south-africa
/south-africa/content/player/698143.html,L Sipamla,south-africa
/south-africa/content/player/47492.html,DW Steyn,south-africa
/south-africa/content/player/337790.html,HE van der Dussen,south-africa
/sri-lanka/content/player/300628.html,LD Chandimal,sri-lanka
/sri-lanka/content/player/574178.html,A Dananjaya,sri-lanka
/sri-lanka/content/player/465793.html,DM de Silva,sri-lanka
/sri-lanka/content/player/429754.html,N Dickwella,sri-lanka
/sri-lanka/content/player/848109.html,L Embuldeniya,sri-lanka
/sri-lanka/content/player/324358.html,N Pradeep,sri-lanka
/sri-lanka/content/player/366725.html,BOP Fernando,sri-lanka
/sri-lanka/content/player/465783.html,MVT Fernando,sri-lanka
/sri-lanka/content/player/784369.html,WIA Fernando,sri-lanka
/sri-lanka/content/player/623695.html,C Karunaratne,sri-lanka
/sri-lanka/content/player/227772.html,FDM Karunaratne,sri-lanka
/sri-lanka/content/player/49619.html,RAS Lakmal,sri-lanka
/sri-lanka/content/player/49758.html,SL Malinga,sri-lanka
/sri-lanka/content/player/49764.html,AD Mathews,sri-lanka
/sri-lanka/content/player/629074.html,BKG Mendis,sri-lanka
/sri-lanka/content/player/49700.html,BMAJ Mendis,sri-lanka
/sri-lanka/content/player/784373.html,PHKD Mendis,sri-lanka
/sri-lanka/content/player/300629.html,AK Perera,sri-lanka
/sri-lanka/content/player/49920.html,MDK Perera,sri-lanka
/sri-lanka/content/player/300631.html,MDKJ Perera,sri-lanka
/sri-lanka/content/player/233514.html,NLTC Perera,sri-lanka
/sri-lanka/content/player/653033.html,PARP Perera,sri-lanka
/sri-lanka/content/player/499594.html,CAK Rajitha,sri-lanka
/sri-lanka/content/player/429738.html,PADLR Sandakan,sri-lanka
/sri-lanka/content/player/237310.html,ARS Silva,sri-lanka
/sri-lanka/content/player/222354.html,TAM Siriwardana,sri-lanka
/sri-lanka/content/player/50747.html,WU Tharanga,sri-lanka
/sri-lanka/content/player/301236.html,HDRL Thirimanne,sri-lanka
/sri-lanka/content/player/328026.html,I Udana,sri-lanka
/sri-lanka/content/player/370040.html,JDF Vandersay,sri-lanka
/west-indies/content/player/670013.html,FA Allen,west-indies
/west-indies/content/player/348054.html,SW Ambris,west-indies
/west-indies/content/player/341593.html,D Bishoo,west-indies
/west-indies/content/player/457249.html,CR Brathwaite,west-indies
/west-indies/content/player/348024.html,KC Brathwaite,west-indies
/west-indies/content/player/277472.html,DM Bravo,west-indies
/west-indies/content/player/348026.html,JD Campbell,west-indies
/west-indies/content/player/314615.html,JL Carter,west-indies
/west-indies/content/player/391832.html,RL Chase,west-indies
/west-indies/content/player/495551.html,SS Cottrell,west-indies
/west-indies/content/player/431905.html,SO Dowrich,west-indies
/west-indies/content/player/446101.html,ST Gabriel,west-indies
/west-indies/content/player/51880.html,CH Gayle,west-indies
/west-indies/content/player/530811.html,C Hemraj,west-indies
/west-indies/content/player/670025.html,SO Hetmyer,west-indies
/west-indies/content/player/391485.html,JO Holder,west-indies
/west-indies/content/player/581379.html,SD Hope,west-indies
/west-indies/content/player/670031.html,AS Joseph,west-indies
/west-indies/content/player/431901.html,E Lewis,west-indies
/west-indies/content/player/906783.html,OC McCoy,west-indies
/west-indies/content/player/315594.html,AR Nurse,west-indies
/west-indies/content/player/677081.html,KMA Paul,west-indies
/west-indies/content/player/604302.html,N Pooran,west-indies
/west-indies/content/player/820351.html,R Powell,west-indies
/west-indies/content/player/450101.html,RA Reifer,west-indies
/west-indies/content/player/230553.html,KAJ Roach,west-indies
/west-indies/content/player/276298.html,AD Russell,west-indies
/west-indies/content/player/914541.html,SE Rutherford,west-indies
/west-indies/content/player/52983.html,MN Samuels,west-indies
/west-indies/content/player/914567.html,O Thomas,west-indies
/zimbabwe/content/player/495964.html,RP Burl,zimbabwe
/zimbabwe/content/player/293831.html,RW Chakabva,zimbabwe
/zimbabwe/content/player/427178.html,BB Chari,zimbabwe
/zimbabwe/content/player/425639.html,TL Chatara,zimbabwe
/zimbabwe/content/player/55354.html,CJ Chibhabha,zimbabwe
/zimbabwe/content/player/55343.html,E Chigumbura,zimbabwe
/zimbabwe/content/player/235519.html,TS Chisoro,zimbabwe
/zimbabwe/content/player/55412.html,CR Ervine,zimbabwe
/zimbabwe/content/player/332996.html,KM Jarvis,zimbabwe
/zimbabwe/content/player/713811.html,TS Kamunhukamwe,zimbabwe
/zimbabwe/content/player/235524.html,T Maruma,zimbabwe
/zimbabwe/content/player/55608.html,H Masakadza,zimbabwe
/zimbabwe/content/player/571703.html,WP Masakadza,zimbabwe
/zimbabwe/content/player/232442.html,PS Masvaure,zimbabwe
/zimbabwe/content/player/806239.html,B Mavuta,zimbabwe
/zimbabwe/content/player/290462.html,SF Mire,zimbabwe
/zimbabwe/content/player/333000.html,PJ Moor,zimbabwe
/zimbabwe/content/player/55633.html,CB Mpofu,zimbabwe
/zimbabwe/content/player/696139.html,R Murray,zimbabwe
/zimbabwe/content/player/596375.html,TK Musakanda,zimbabwe
/zimbabwe/content/player/827051.html,B Muzarabani,zimbabwe
/zimbabwe/content/player/596456.html,A Ndlovu,zimbabwe
/zimbabwe/content/player/806241.html,R Ngarava,zimbabwe
/zimbabwe/content/player/596002.html,LN Roche,zimbabwe
/zimbabwe/content/player/299572.html,Sikandar Raza,zimbabwe
/zimbabwe/content/player/55814.html,BRM Taylor,zimbabwe
/zimbabwe/content/player/392945.html,DT Tiripano,zimbabwe
/zimbabwe/content/player/55872.html,MN Waller,zimbabwe
/zimbabwe/content/player/55870.html,SC Williams,zimbabwe
/zimbabwe/content/player/235532.html,C Zhuwao,zimbabwe
/afghanistan/content/player/440963.html,Aftab Alam,afghanistan
/afghanistan/content/player/320652.html,Asghar Afghan,afghanistan
/afghanistan/content/player/516561.html,Dawlat Zadran,afghanistan
/afghanistan/content/player/568136.html,Fareed Ahmad,afghanistan
/afghanistan/content/player/352048.html,Gulbadin Naib,afghanistan
/afghanistan/content/player/311427.html,Hamid Hassan,afghanistan
/afghanistan/content/player/440970.html,Hashmatullah Shahidi,afghanistan
/afghanistan/content/player/793457.html,Hazratullah Zazai,afghanistan
/afghanistan/content/player/703323.html,Ihsanullah,afghanistan
/afghanistan/content/player/935553.html,Ikram Alikhil,afghanistan
/afghanistan/content/player/308235.html,Javed Ahmadi,afghanistan
/afghanistan/content/player/25913.html,Mohammad Nabi,afghanistan
/afghanistan/content/player/419873.html,Mohammad Shahzad,afghanistan
/afghanistan/content/player/974109.html,Mujeeb Ur Rahman,afghanistan
/afghanistan/content/player/533953.html,Najeeb Tarakai,afghanistan
/afghanistan/content/player/524049.html,Najibullah Zadran,afghanistan
/afghanistan/content/player/318340.html,Noor Ali Zadran,afghanistan
/afghanistan/content/player/533956.html,Rahmat Shah,afghanistan
/afghanistan/content/player/793463.html,Rashid Khan,afghanistan
/afghanistan/content/player/318339.html,Samiullah Shinwari,afghanistan
/afghanistan/content/player/524050.html,Sayed Shirzad,afghanistan
/afghanistan/content/player/362603.html,Shafiqullah,afghanistan
/afghanistan/content/player/319746.html,Shapoor Zadran,afghanistan
/afghanistan/content/player/633362.html,Sharafuddin Ashraf,afghanistan
/afghanistan/content/player/711559.html,Usman Ghani,afghanistan
/afghanistan/content/player/973945.html,Wafadar Momand,afghanistan
/afghanistan/content/player/1108490.html,Waqar Salamkheil,afghanistan
/afghanistan/content/player/440968.html,Yamin Ahmadzai,afghanistan
/afghanistan/content/player/712219.html,Zahir Khan,afghanistan
/afghanistan/content/player/1015399.html,Ziaur Rahman,afghanistan
/usa/content/player/957645.html,Aaron Jones,usa
/usa/content/player/25661.html,Aijaz Ali,usa
/usa/content/player/25879.html,RP Alexander,usa
/usa/content/player/927119.html,Ali Khan,usa
/usa/content/player/25881.html,DL Blake,usa
/usa/content/player/25880.html,JH Desai,usa
/usa/content/player/1139028.html,K Gore,usa
/usa/content/player/552881.html,EH Hutchinson,usa
/usa/content/player/772471.html,Jasdeep Singh,usa
/usa/content/player/25875.html,HR Johnson,usa
/usa/content/player/25877.html,MR Johnson,usa
/usa/content/player/25635.html,CB Lambert,usa
/usa/content/player/430105.html,JS Malhotra,usa
/usa/content/player/52626.html,XM Marshall,usa
/usa/content/player/25883.html,SJ Massiah,usa
/usa/content/player/25625.html,Nasir Javed,usa
/usa/content/player/398513.html,SN Netravalkar,usa
/usa/content/player/1159641.html,MD Patel,usa
/usa/content/player/32257.html,TK Patel,usa
/usa/content/player/25860.html,Rashid Zia,usa
/usa/content/player/25872.html,CA Reid,usa
/usa/content/player/25862.html,LC Romero,usa
/usa/content/player/50671.html,KRP Silva,usa
/usa/content/player/25643.html,RW Staple,usa
/usa/content/player/348133.html,SR Taylor,usa
/usa/content/player/443263.html,HR Walsh,usa
/united-arab-emirates/content/player/585100.html,Abdul Shakoor,united-arab-emirates
/united-arab-emirates/content/player/281653.html,Adnan Mufti,united-arab-emirates
/united-arab-emirates/content/player/245490.html,Ahmed Raza,united-arab-emirates
/united-arab-emirates/content/player/1126253.html,Amir Hayat,united-arab-emirates
/united-arab-emirates/content/player/25613.html,Amjad Javed,united-arab-emirates
/united-arab-emirates/content/player/663413.html,Amjad Khan,united-arab-emirates
/united-arab-emirates/content/player/39940.html,Ashfaq Ahmed,united-arab-emirates
/united-arab-emirates/content/player/1061752.html,Atif Ali Khan,united-arab-emirates
/united-arab-emirates/content/player/534734.html,Chirag Suri,united-arab-emirates
/united-arab-emirates/content/player/1126002.html,Fahad Nawaz,united-arab-emirates
/united-arab-emirates/content/player/40170.html,Fayyaz Ahmed,united-arab-emirates
/united-arab-emirates/content/player/950303.html,Ghulam Shabber,united-arab-emirates
/united-arab-emirates/content/player/943275.html,Imran Haider,united-arab-emirates
/united-arab-emirates/content/player/290645.html,Krishna Chandran,united-arab-emirates
/united-arab-emirates/content/player/1125867.html,Mohammad Boota,united-arab-emirates
/united-arab-emirates/content/player/533862.html,Mohammad Naveed,united-arab-emirates
/united-arab-emirates/content/player/738445.html,Mohammad Shahzad,united-arab-emirates
/united-arab-emirates/content/player/943281.html,Mohammed Qasim,united-arab-emirates
/united-arab-emirates/content/player/1061514.html,Muhammed Shanil,united-arab-emirates
/united-arab-emirates/content/player/974719.html,Muhammad Usman,united-arab-emirates
/united-arab-emirates/content/player/447458.html,SP Patil,united-arab-emirates
/united-arab-emirates/content/player/941959.html,Qadeer Ahmed,united-arab-emirates
/united-arab-emirates/content/player/220519.html,Rameez Shahzad,united-arab-emirates
/united-arab-emirates/content/player/474760.html,CP Rizwan,united-arab-emirates
/united-arab-emirates/content/player/307808.html,Rohan Mustafa,united-arab-emirates
/united-arab-emirates/content/player/779973.html,Saqlain Haider,united-arab-emirates
/united-arab-emirates/content/player/43121.html,Shaiman Anwar,united-arab-emirates
/united-arab-emirates/content/player/937673.html,L Sreekumar,united-arab-emirates
/united-arab-emirates/content/player/873769.html,Sultan Ahmed,united-arab-emirates
/united-arab-emirates/content/player/384525.html,Zahoor Khan,united-arab-emirates
/ireland/content/player/526441.html,MR Adair,ireland
/ireland/content/player/44014.html,J Anderson,ireland
/ireland/content/player/303423.html,A Balbirnie,ireland
/ireland/content/player/380957.html,J Cameron-Dow,ireland
/ireland/content/player/524845.html,PKD Chase,ireland
/ireland/content/player/348034.html,GH Dockrell,ireland
/ireland/content/player/303508.html,SC Getkate,ireland
/ireland/content/player/24249.html,EC Joyce,ireland
/ireland/content/player/571707.html,TE Kane,ireland
/ireland/content/player/928067.html,JB Little,ireland
/ireland/content/player/417381.html,AR McBrine,ireland
/ireland/content/player/348059.html,BJ McCarthy,ireland
/ireland/content/player/470917.html,JA McCollum,ireland
/ireland/content/player/1005369.html,J Mulder,ireland
/ireland/content/player/17134.html,TJ Murtagh,ireland
/ireland/content/player/24605.html,KJ O'Brien,ireland
/ireland/content/player/24289.html,NJ O'Brien,ireland
/ireland/content/player/24611.html,WTS Porterfield,ireland
/ireland/content/player/308294.html,SW Poynter,ireland
/ireland/content/player/232724.html,DA Rankin,ireland
/ireland/content/player/24599.html,WB Rankin,ireland
/ireland/content/player/303437.html,JNK Shannon,ireland
/ireland/content/player/1005257.html,Simi Singh,ireland
/ireland/content/player/303427.html,PR Stirling,ireland
/ireland/content/player/467420.html,SP Terry,ireland
/ireland/content/player/24616.html,GJ Thompson,ireland
/ireland/content/player/414821.html,SR Thompson,ireland
/ireland/content/player/928057.html,LJ Tucker,ireland
/ireland/content/player/24609.html,GC Wilson,ireland
/ireland/content/player/364343.html,CA Young,ireland
/scotland/content/player/25490.html,RD Berrington,scotland
/scotland/content/player/764321.html,DE Budge,scotland
/scotland/content/player/873205.html,SJ Cameron,scotland
/scotland/content/player/25446.html,KJ Coetzer,scotland
/scotland/content/player/364329.html,FRJ Coleman,scotland
/scotland/content/player/417268.html,MH Cross,scotland
/scotland/content/player/407265.html,JH Davey,scotland
/scotland/content/player/44851.html,CD de Lange,scotland
/scotland/content/player/399259.html,AC Evans,scotland
/scotland/content/player/638713.html,HJW Gardiner,scotland
/scotland/content/player/751151.html,Hamza Tahir,scotland
/scotland/content/player/25451.html,RM Haq,scotland
/scotland/content/player/1093091.html,MA Jones,scotland
/scotland/content/player/414966.html,MA Leask,scotland
/scotland/content/player/297488.html,MW Machan,scotland
/scotland/content/player/232435.html,CS MacLeod,scotland
/scotland/content/player/470777.html,GT Main,scotland
/scotland/content/player/461281.html,PL Mommsen,scotland
/scotland/content/player/671805.html,HG Munsey,scotland
/scotland/content/player/1148466.html,A Neill,scotland
/scotland/content/player/414970.html,SM Sharif,scotland
/scotland/content/player/458897.html,RAJ Smith,scotland
/scotland/content/player/671823.html,CB Sole,scotland
/scotland/content/player/526492.html,TB Sole,scotland
/scotland/content/player/353431.html,RML Taylor,scotland
/scotland/content/player/414971.html,CD Wallace,scotland
/scotland/content/player/509107.html,I Wardlaw,scotland
/scotland/content/player/659081.html,MRJ Watt,scotland
/scotland/content/player/807535.html,BTJ Wheal,scotland
/scotland/content/player/627732.html,SG Whittingham,scotland
/papua-new-guinea/content/player/332980.html,CJA Amini,papua-new-guinea
/papua-new-guinea/content/player/25053.html,CR Amini,papua-new-guinea
/papua-new-guinea/content/player/1115033.html,SK Atai,papua-new-guinea
/papua-new-guinea/content/player/524249.html,D Bau,papua-new-guinea
/papua-new-guinea/content/player/420427.html,S Bau,papua-new-guinea
/papua-new-guinea/content/player/25051.html,MD Dai,papua-new-guinea
/papua-new-guinea/content/player/646173.html,K Doriga,papua-new-guinea
/papua-new-guinea/content/player/302850.html,WT Gavera,papua-new-guinea
/papua-new-guinea/content/player/646175.html,H Hiri,papua-new-guinea
/papua-new-guinea/content/player/15501.html,GO Jones,papua-new-guinea
/papua-new-guinea/content/player/302875.html,J Kila,papua-new-guinea
/papua-new-guinea/content/player/387435.html,VV Morea,papua-new-guinea
/papua-new-guinea/content/player/524247.html,A Nao,papua-new-guinea
/papua-new-guinea/content/player/296184.html,L Nou,papua-new-guinea
/papua-new-guinea/content/player/25057.html,K Pala,papua-new-guinea
/papua-new-guinea/content/player/646181.html,N Pokana,papua-new-guinea
/papua-new-guinea/content/player/694037.html,P Raho,papua-new-guinea
/papua-new-guinea/content/player/1122557.html,D Ravu,papua-new-guinea
/papua-new-guinea/content/player/332978.html,JB Reva,papua-new-guinea
/papua-new-guinea/content/player/440990.html,L Siaka,papua-new-guinea
/papua-new-guinea/content/player/574287.html,CA Soper,papua-new-guinea
/papua-new-guinea/content/player/302845.html,TP Ura,papua-new-guinea
/papua-new-guinea/content/player/25056.html,A Vala,papua-new-guinea
/papua-new-guinea/content/player/524253.html,N Vanua,papua-new-guinea
/papua-new-guinea/content/player/25065.html,JNT Vare,papua-new-guinea
/oman/content/player/455463.html,Aamir Kaleem,oman
/oman/content/player/26038.html,Adnan Ilyas,oman
/oman/content/player/387046.html,Amir Ali,oman
/oman/content/player/631264.html,M Ansari,oman
/oman/content/player/940593.html,Aqib Ilyas,oman
/oman/content/player/937953.html,Bilal Khan,oman
/oman/content/player/436749.html,Fayyaz Butt,oman
/oman/content/player/307756.html,Jatinder Singh,oman
/oman/content/player/1136106.html,Jay Odedra,oman
/oman/content/player/1077307.html,Kaleemullah,oman
/oman/content/player/585081.html,Khawar Ali,oman
/oman/content/player/1077309.html,Khurram Nawaz,oman
/oman/content/player/543449.html,AV Lalcheta,oman
/oman/content/player/888565.html,Mehran Khan,oman
/oman/content/player/41984.html,Mohammad Nadeem,oman
/oman/content/player/1077310.html,Naseem Khushi,oman
/oman/content/player/290633.html,A Poulose,oman
/oman/content/player/542344.html,RJ Ranpura,oman
/oman/content/player/1174024.html,Sandeep Goud,oman
/oman/content/player/402066.html,Sufyan Mehmood,oman
/oman/content/player/42876.html,Sultan Ahmed,oman
/oman/content/player/1156690.html,Suraj Kumar,oman
/oman/content/player/1058938.html,Wasim Ali,oman
/oman/content/player/321446.html,VS Wategaonkar,oman
/oman/content/player/585083.html,Zeeshan Maqsood,oman
/oman/content/player/318615.html,Zeeshan Siddiqui,oman
/netherlands/content/player/416106.html,RI Ahmed,netherlands
/netherlands/content/player/518097.html,Ahsan Malik,netherlands
/netherlands/content/player/44407.html,W Barresi,netherlands
/netherlands/content/player/36592.html,PW Borren,netherlands
/netherlands/content/player/245166.html,Mudassar Bukhari,netherlands
/netherlands/content/player/470699.html,BN Cooper,netherlands
/netherlands/content/player/219885.html,TLW Cooper,netherlands
/netherlands/content/player/1036191.html,BFW de Leede,netherlands
/netherlands/content/player/1127317.html,SA Edwards,netherlands
/netherlands/content/player/595419.html,BD Glover,netherlands
/netherlands/content/player/416103.html,VJ Kingma,netherlands
/netherlands/content/player/1104703.html,FJ Klaassen,netherlands
/netherlands/content/player/233712.html,SJ Myburgh,netherlands
/netherlands/content/player/643197.html,MP O'Dowd,netherlands
/netherlands/content/player/471045.html,HC Overdijk,netherlands
/netherlands/content/player/380956.html,MJG Rippon,netherlands
/netherlands/content/player/526481.html,Saqib Zulfiqar,netherlands
/netherlands/content/player/208657.html,PM Seelaar,netherlands
/netherlands/content/player/526482.html,Sikander Zulfiqar,netherlands
/netherlands/content/player/696143.html,S Snater,netherlands
/netherlands/content/player/308794.html,MR Swart,netherlands
/netherlands/content/player/214696.html,ES Szwarczynski,netherlands
/netherlands/content/player/47660.html,RN ten Doeschate,netherlands
/netherlands/content/player/960035.html,DJ ter Braak,netherlands
/netherlands/content/player/440522.html,LV van Beek,netherlands
/netherlands/content/player/333782.html,T van der Gugten,netherlands
/netherlands/content/player/47850.html,RE van der Merwe,netherlands
/netherlands/content/player/348109.html,PA van Meekeren,netherlands
/netherlands/content/player/742529.html,MB van Schelven,netherlands
/netherlands/content/player/420419.html,TP Visee,netherlands
/kenya/content/player/24716.html,RG Aga,kenya
/kenya/content/player/472153.html,DI Allan,kenya
/kenya/content/player/1107656.html,SR Bhudia,kenya
/kenya/content/player/529349.html,DM Gondaria,kenya
/kenya/content/player/494133.html,RD Gudhka,kenya
/kenya/content/player/637496.html,Gurdeep Singh,kenya
/kenya/content/player/24697.html,JK Kamande,kenya
/kenya/content/player/348016.html,IA Karim,kenya
/kenya/content/player/1086099.html,P Kerai,kenya
/kenya/content/player/24790.html,T Mishra,kenya
/kenya/content/player/308691.html,JO Ngoche,kenya
/kenya/content/player/308515.html,SO Ngoche,kenya
/kenya/content/player/291844.html,AA Obanda,kenya
/kenya/content/player/24752.html,CO Obuya,kenya
/kenya/content/player/24760.html,DO Obuya,kenya
/kenya/content/player/576980.html,E Ochieng,kenya
/kenya/content/player/308418.html,NM Odhiambo,kenya
/kenya/content/player/238612.html,NN Odhiambo,kenya
/kenya/content/player/24705.html,TM Odoyo,kenya
/kenya/content/player/440162.html,LN Oluoch,kenya
/kenya/content/player/24762.html,PJ Ongondo,kenya
/kenya/content/player/24711.html,LN Onyango,kenya
/kenya/content/player/293031.html,E Otieno,kenya
/kenya/content/player/24750.html,MA Ouma,kenya
/kenya/content/player/267455.html,RR Patel,kenya
/kenya/content/player/475816.html,EB Ringera,kenya
/kenya/content/player/24728.html,SO Tikolo,kenya
/kenya/content/player/254114.html,HA Varaiya,kenya
/kenya/content/player/352894.html,SR Waters,kenya
/kenya/content/player/315051.html,DS Wesonga,kenya
/hong-kong/content/player/1063728.html,K Christie,hong-kong
/hong-kong/content/player/401540.html,Aizaz Khan,hong-kong
/hong-kong/content/player/800395.html,Anas Khan,hong-kong
/hong-kong/content/player/717099.html,Ankur Vasishta,hong-kong
/hong-kong/content/player/452472.html,Anshuman Rath,hong-kong
/hong-kong/content/player/292152.html,JJ Atkinson,hong-kong
/hong-kong/content/player/539304.html,Babar Hayat,hong-kong
/hong-kong/content/player/4527.html,RJ Campbell,hong-kong
/hong-kong/content/player/919493.html,C Carter,hong-kong
/hong-kong/content/player/438563.html,MS Chapman,hong-kong
/hong-kong/content/player/40082.html,Ehsan Khan,hong-kong
/hong-kong/content/player/718553.html,Ehsan Nawaz,hong-kong
/hong-kong/content/player/539305.html,Haseeb Amjad,hong-kong
/hong-kong/content/player/208253.html,Irfan Ahmed,hong-kong
/hong-kong/content/player/919495.html,Ishtiaq Muhammad,hong-kong
/hong-kong/content/player/919527.html,C McAuslan,hong-kong
/hong-kong/content/player/459752.html,SS McKechnie,hong-kong
/hong-kong/content/player/497512.html,A Mehmood,hong-kong
/hong-kong/content/player/220613.html,Munir Dar,hong-kong
/hong-kong/content/player/24230.html,Nadeem Ahmed,hong-kong
/hong-kong/content/player/42106.html,Najeeb Amar,hong-kong
/hong-kong/content/player/350629.html,Nizakat Khan,hong-kong
/hong-kong/content/player/401537.html,KD Shah,hong-kong
/hong-kong/content/player/919489.html,Shahid Wasif,hong-kong
/hong-kong/content/player/633410.html,Simandeep Singh,hong-kong
/hong-kong/content/player/208252.html,Skhawat Ali,hong-kong
/hong-kong/content/player/919549.html,Tanveer Ahmed,hong-kong
/hong-kong/content/player/260036.html,Tanwir Afzal,hong-kong
/hong-kong/content/player/350632.html,Waqas Barkat,hong-kong
/hong-kong/content/player/633426.html,Waqas Khan,hong-kong
/canada/content/player/414251.html,MS Aulakh,canada
/canada/content/player/23797.html,A Bagai,canada
/canada/content/player/355583.html,HS Baidwan,canada
/canada/content/player/23874.html,TC Bastiampillai,canada
/canada/content/player/307077.html,RA Bhatti,canada
/canada/content/player/51739.html,D Daesrath,canada
/canada/content/player/23852.html,JM Davison,canada
/canada/content/player/372509.html,AS Dean,canada
/canada/content/player/440977.html,PA Desai,canada
/canada/content/player/348135.html,N Dutta,canada
/canada/content/player/276370.html,JOA Gordon,canada
/canada/content/player/208755.html,TG Gordon,canada
/canada/content/player/307075.html,R Gunasekera,canada
/canada/content/player/414397.html,Hamza Tariq,canada
/canada/content/player/418615.html,AS Hansra,canada
/canada/content/player/494847.html,Junaid Siddiqui,canada
/canada/content/player/26135.html,K Kamyuka,canada
/canada/content/player/41224.html,Khurram Chohan,canada
/canada/content/player/348129.html,NR Kumar,canada
/canada/content/player/212175.html,H Osinde,canada
/canada/content/player/414248.html,H Patel,canada
/canada/content/player/521478.html,R Pathan,canada
/canada/content/player/500236.html,DR Ramsammy,canada
/canada/content/player/259413.html,Raza-ur-Rehman,canada
/canada/content/player/361952.html,Rizwan Cheema,canada
/canada/content/player/23887.html,D Soraine,canada
/canada/content/player/23803.html,ZE Surkari,canada
/canada/content/player/414249.html,Usman Limbada,canada
/canada/content/player/43726.html,Zahid Hussain,canada
/canada/content/player/43751.html,Zeeshan Siddiqi,canada
/bermuda/content/player/279531.html,OO Bascome,bermuda
/bermuda/content/player/278496.html,DM Basden,bermuda
/bermuda/content/player/23758.html,G Blakeney,bermuda
/bermuda/content/player/23756.html,DCC Borden,bermuda
/bermuda/content/player/23681.html,LOB Cann,bermuda
/bermuda/content/player/216811.html,JJ Celestine,bermuda
/bermuda/content/player/381734.html,FS Crockwell,bermuda
/bermuda/content/player/307449.html,CRM Douglas,bermuda
/bermuda/content/player/23759.html,J Edness,bermuda
/bermuda/content/player/23700.html,CR Foggo,bermuda
/bermuda/content/player/14153.html,DL Hemp,bermuda
/bermuda/content/player/307235.html,KC Hodsoll,bermuda
/bermuda/content/player/307234.html,DAW Hollis,bermuda
/bermuda/content/player/23685.html,KAD Hurdle,bermuda
/bermuda/content/player/257574.html,MO Jones,bermuda
/bermuda/content/player/252869.html,SKW Kelly,bermuda
/bermuda/content/player/23742.html,RDM Leverock,bermuda
/bermuda/content/player/307528.html,CH Lonsdale,bermuda
/bermuda/content/player/247008.html,GH O'Brien,bermuda
/bermuda/content/player/23704.html,SD Outerbridge,bermuda
/bermuda/content/player/276539.html,ADJ Pitcher,bermuda
/bermuda/content/player/247009.html,AR Pitcher,bermuda
/bermuda/content/player/23702.html,OL Pitcher,bermuda
/bermuda/content/player/216996.html,RJ Robinson,bermuda
/bermuda/content/player/23725.html,IH Romaine,bermuda
/bermuda/content/player/333029.html,M Smith,bermuda
/bermuda/content/player/23760.html,RD Steede,bermuda
/bermuda/content/player/267454.html,RJ Trott,bermuda
/bermuda/content/player/23694.html,JJ Tucker,bermuda
/bermuda/content/player/307237.html,TE Tucker,bermuda
